Site,Country,Climate,Year,Days,CompleteYear,AnnualRain_mm,AnnualET0_mm,MeanTemp_C,MeanTmax_C,MeanTmin_C,MeanSolar_MJ_m2_day,MeanWind_m_s,Rain_ET0_ratio
Tunis,Tunisia,Mediterranean,1981,365,False,306.54,0.0,18.528876712328767,23.963205479452053,14.24709589041096,,3.5798630136986302,
Tunis,Tunisia,Mediterranean,1982,365,False,674.5899999999999,0.0,18.932657534246577,24.12616438356164,14.736739726027396,,3.3113698630136987,
Tunis,Tunisia,Mediterranean,1983,365,False,334.78000000000003,0.0,18.679616438356163,24.11764383561644,14.298493150684932,,3.45386301369863,
Tunis,Tunisia,Mediterranean,1984,366,True,441.4,1477.5126152805587,18.12737704918033,23.552704918032788,13.737513661202186,16.071366120218578,3.3452732240437157,0.29874533417515653
Tunis,Tunisia,Mediterranean,1985,365,True,399.05,1435.0781663380367,18.592767123287672,24.020191780821914,14.25158904109589,16.202904109589042,3.1396438356164382,0.2780684769375849
Tunis,Tunisia,Mediterranean,1986,365,True,565.71,1469.9535473350766,18.6773698630137,23.871643835616442,14.506767123287672,15.756438356164383,3.523068493150685,0.3848488960930724
Tunis,Tunisia,Mediterranean,1987,365,True,314.63,1481.1477938731086,19.00408219178082,24.475068493150683,14.68178082191781,15.329150684931506,3.3932054794520545,0.21242309599453427
Tunis,Tunisia,Mediterranean,1988,366,True,311.74,1539.0441600559495,19.325519125683062,24.748032786885247,14.986967213114752,15.89398907103825,3.472103825136612,0.20255429187208454
Tunis,Tunisia,Mediterranean,1989,365,True,337.58000000000004,1470.6957948471063,18.968602739726027,24.464164383561645,14.678465753424655,16.234027397260274,3.1920821917808224,0.22953761150523647
Tunis,Tunisia,Mediterranean,1990,365,True,583.5,1434.8930445209053,19.076027397260273,24.22131506849315,14.998684931506848,16.19517808219178,3.2135890410958905,0.4066505181191565
Tunis,Tunisia,Mediterranean,1991,365,True,507.65999999999997,1377.6165573513356,18.043397260273974,23.04413698630137,13.964383561643835,16.185342465753422,3.3545205479452056,0.368506023893941
Tunis,Tunisia,Mediterranean,1992,366,True,512.8,1384.3541006658752,18.30237704918033,23.492267759562843,14.089125683060107,16.34431693989071,3.266967213114754,0.37042545671901633
Tunis,Tunisia,Mediterranean,1993,365,True,300.81000000000006,1543.415644275807,18.762821917808218,24.1738904109589,14.402136986301372,16.780356164383562,3.439753424657535,0.19489889267070665
Tunis,Tunisia,Mediterranean,1994,365,True,254.84999999999997,1606.222039030795,19.750986301369863,25.23687671232877,15.365643835616439,17.12764383561644,3.5164383561643837,0.15866424056401202
Tunis,Tunisia,Mediterranean,1995,365,True,422.45,1495.7852604104903,18.77186301369863,24.02778082191781,14.592794520547942,16.433890410958906,3.510739726027397,0.2824269039020123
Tunis,Tunisia,Mediterranean,1996,366,True,503.76,1416.9840915801547,18.23893442622951,23.38262295081967,14.103633879781421,16.171967213114755,3.5122131147540983,0.35551563563302274
Tunis,Tunisia,Mediterranean,1997,365,True,562.28,1475.650832047139,19.075479452054793,24.40904109589041,14.854109589041096,16.46301369863014,3.387342465753424,0.3810386493801931
Tunis,Tunisia,Mediterranean,1998,365,True,403.56999999999994,1502.9490979796938,18.541726027397264,23.885616438356163,14.269369863013697,17.13660273972603,3.427917808219178,0.26851874128171743
Tunis,Tunisia,Mediterranean,1999,365,True,504.93,1555.6476408962708,19.20994520547945,24.62416438356164,14.871808219178085,16.79046575342466,3.5539726027397256,0.3245786428275555
Tunis,Tunisia,Mediterranean,2000,366,True,318.83,1586.5759131852403,19.021174863387976,24.68975409836066,14.566693989071037,17.10306010928962,3.5039344262295082,0.20095477143599813
Tunis,Tunisia,Mediterranean,2001,365,True,340.11,1564.7606683965569,19.24832876712329,24.75649315068493,14.86454794520548,17.009945205479454,3.4832602739726024,0.21735592341320661
Tunis,Tunisia,Mediterranean,2002,365,True,467.82000000000005,1527.059379725747,18.885671232876714,24.39295890410959,14.581835616438356,16.546849315068492,3.5918630136986303,0.30635350937303985
Tunis,Tunisia,Mediterranean,2003,365,True,848.04,1434.1682716429364,19.037616438356164,24.003917808219175,15.01284931506849,16.409150684931507,3.4215068493150684,0.5913113661540658
Tunis,Tunisia,Mediterranean,2004,366,True,631.74,1370.5291565046737,18.273934426229506,23.32928961748634,14.200628415300544,16.35084699453552,3.355027322404372,0.4609460491969079
Tunis,Tunisia,Mediterranean,2005,365,True,556.48,1408.4858492393303,18.241835616438355,23.37282191780822,14.13490410958904,16.431534246575342,3.407315068493151,0.39509094131157496
Tunis,Tunisia,Mediterranean,2006,365,True,447.38,1489.021175202066,18.90991780821918,24.339315068493153,14.615917808219182,16.76380821917808,3.284958904109589,0.3004524095765722
Tunis,Tunisia,Mediterranean,2007,365,True,575.3000000000001,1462.41403064087,18.71909589041096,23.871397260273966,14.66246575342466,16.707616438356165,3.463890410958904,0.393390645840486
Tunis,Tunisia,Mediterranean,2008,366,True,379.2,1497.3139648730062,18.73245901639344,24.258879781420767,14.322568306010927,16.943797814207652,3.2204918032786884,0.2532534985287215
Tunis,Tunisia,Mediterranean,2009,365,True,676.2199999999999,1453.9731728780498,18.545698630136986,23.71345205479452,14.352986301369864,16.85578082191781,3.5262739726027394,0.46508423443705244
Tunis,Tunisia,Mediterranean,2010,365,True,534.4,1493.264609399688,18.504164383561644,23.792410958904107,14.295890410958904,16.623479452054795,3.5778630136986305,0.3578736123766007
Tunis,Tunisia,Mediterranean,2011,365,True,628.13,1435.749019340437,18.48249315068493,23.554986301369862,14.422849315068493,16.87827397260274,3.393643835616438,0.43749289850711803
Tunis,Tunisia,Mediterranean,2012,366,True,522.49,1528.798538569597,19.06169398907104,24.317650273224043,14.801912568306012,17.202103825136614,3.518169398907104,0.34176510954076517
Tunis,Tunisia,Mediterranean,2013,365,True,559.29,1469.4745946405953,18.586027397260274,23.694027397260275,14.553260273972601,16.873808219178084,3.6496164383561642,0.38060542321712704
Tunis,Tunisia,Mediterranean,2014,365,True,501.0499999999999,1559.072667384676,19.079260273972604,24.57621917808219,14.756575342465753,16.83939726027397,3.5523561643835615,0.3213769380233602
Tunis,Tunisia,Mediterranean,2015,365,True,594.48,1512.0341200704956,19.009232876712332,24.26254794520548,14.794630136986301,17.079315068493152,3.5073424657534247,0.39316573092430185
Tunis,Tunisia,Mediterranean,2016,366,True,510.29,1526.928364636642,19.22002732240437,24.59032786885246,15.005300546448089,16.903169398907103,3.3882240437158475,0.33419380490808553
Tunis,Tunisia,Mediterranean,2017,365,True,409.32,1615.133303902355,19.01213698630137,24.55449315068493,14.503506849315068,17.66180821917808,3.4341643835616438,0.253427998178871
Tunis,Tunisia,Mediterranean,2018,365,True,720.62,1420.6333490658571,18.87682191780822,23.94909589041096,14.868602739726027,16.38701369863014,3.4594520547945207,0.5072526281843562
Tunis,Tunisia,Mediterranean,2019,365,True,762.02,1477.480305526569,18.76986301369863,23.937616438356162,14.668301369863014,16.923534246575343,3.688328767123288,0.5157564518116663
Tunis,Tunisia,Mediterranean,2020,366,True,564.1,1496.3304973320637,19.048797814207646,24.433825136612025,14.815245901639345,17.143743169398906,3.3551092896174857,0.3769889078688047
Tunis,Tunisia,Mediterranean,2021,365,True,448.16,1592.7921524276544,19.593616438356165,25.237534246575343,15.180383561643836,16.74194520547945,3.3922191780821915,0.2813675339352576
Tunis,Tunisia,Mediterranean,2022,365,True,338.92,1675.207733482799,20.392219178082193,26.191287671232875,15.848575342465752,17.173150684931507,3.3716164383561646,0.20231520737752134
Tunis,Tunisia,Mediterranean,2023,365,True,588.0799999999999,1662.8241768850912,20.265205479452057,25.912849315068495,15.866986301369863,16.885452054794523,3.488849315068493,0.35366336872827353
Tunis,Tunisia,Mediterranean,2024,366,True,547.0,1590.8270556128798,20.1375956284153,25.703825136612018,15.80672131147541,16.884043715846996,3.3790983606557385,0.34384630187802756
Tunis,Tunisia,Mediterranean,2025,365,True,671.4899999999999,1505.2596030769805,19.735945205479453,25.154410958904112,15.46008219178082,17.379835616438356,3.1236986301369867,0.4460958087411446
Niamey,Niger,Hot semi-arid,1981,365,False,484.24000000000007,0.0,27.860301369863013,35.01479452054795,21.605150684931505,,2.7705479452054793,
Niamey,Niger,Hot semi-arid,1982,365,False,488.39,0.0,27.933178082191777,34.68021917808219,21.912794520547944,,2.7727945205479454,
Niamey,Niger,Hot semi-arid,1983,365,False,490.39,0.0,28.1511506849315,35.4681095890411,21.64345205479452,,2.8706027397260274,
Niamey,Niger,Hot semi-arid,1984,366,True,368.65999999999997,2701.569061244845,28.508961748633876,35.70699453551913,22.06948087431694,22.514371584699454,2.8206557377049184,0.1364614383872632
Niamey,Niger,Hot semi-arid,1985,365,True,448.73,2664.599755403669,27.827671232876707,34.98632876712328,21.502164383561645,22.38295890410959,2.836904109589041,0.16840427876269187
Niamey,Niger,Hot semi-arid,1986,365,True,490.93999999999994,2578.446078884418,28.355479452054794,35.28076712328767,22.147616438356163,22.420739726027396,2.6606301369863012,0.19040149957776445
Niamey,Niger,Hot semi-arid,1987,365,True,354.63,2783.3641615488996,29.27709589041096,36.7617808219178,22.572273972602744,22.218,2.770904109589041,0.12741056484777538
Niamey,Niger,Hot semi-arid,1988,366,True,575.6899999999999,2664.574398815952,28.485000000000007,35.44035519125683,22.262868852459018,22.133360655737707,2.8114207650273224,0.2160532654880334
Niamey,Niger,Hot semi-arid,1989,365,True,543.99,2656.578771056884,27.926438356164386,34.977835616438355,21.62901369863014,21.895561643835617,2.837835616438356,0.20477089026183137
Niamey,Niger,Hot semi-arid,1990,365,True,423.03,2744.0225672352203,29.1674794520548,36.30580821917808,22.760301369863008,22.528547945205478,2.8374794520547946,0.15416418401625245
Niamey,Niger,Hot semi-arid,1991,365,True,509.34999999999997,2584.636437897433,28.65632876712329,35.39060273972603,22.6766301369863,21.53904109589041,2.7369315068493147,0.19706833523338754
Niamey,Niger,Hot semi-arid,1992,366,True,480.63,2689.940010963038,28.151721311475406,35.23273224043716,21.83707650273224,22.139153005464483,2.8761202185792345,0.1786768470825219
Niamey,Niger,Hot semi-arid,1993,365,True,414.58000000000004,2728.665465105642,28.970849315068495,36.16616438356164,22.444465753424655,22.41468493150685,2.802931506849315,0.1519350778985834
Niamey,Niger,Hot semi-arid,1994,365,True,563.99,2611.868336312743,28.25378082191781,35.2021095890411,22.000821917808217,21.785561643835614,2.7426575342465753,0.21593354923709612
Niamey,Niger,Hot semi-arid,1995,365,True,528.3000000000001,2576.624721790374,28.476547945205475,35.31745205479452,22.31476712328767,21.866164383561642,2.6888493150684933,0.20503567924820246
Niamey,Niger,Hot semi-arid,1996,366,True,510.18,2617.3996941645582,28.617868852459015,35.902240437158476,22.118360655737703,22.09363387978142,2.6560109289617486,0.1949186443084854
Niamey,Niger,Hot semi-arid,1997,365,True,474.23,2619.817393624573,28.74758904109589,35.630931506849315,22.483068493150686,21.914246575342464,2.7279178082191784,0.1810164331124975
Niamey,Niger,Hot semi-arid,1998,365,True,673.78,2644.2629740830303,28.791506849315073,35.682136986301366,22.560410958904107,22.31024657534246,2.7754520547945205,0.2548082420711773
Niamey,Niger,Hot semi-arid,1999,365,True,644.41,2558.756069997267,28.6246301369863,35.61715068493151,22.249753424657534,21.846438356164384,2.5404109589041095,0.25184503030829675
Niamey,Niger,Hot semi-arid,2000,366,True,427.65000000000003,2723.710064708525,28.744972677595626,36.13215846994535,22.004617486338798,21.85915300546448,2.7798907103825137,0.15701010380697938
Niamey,Niger,Hot semi-arid,2001,365,True,473.5,2763.372519842505,28.54882191780822,35.97865753424657,21.909369863013698,22.986794520547946,2.828630136986301,0.1713485954571867
Niamey,Niger,Hot semi-arid,2002,365,True,440.56000000000006,2734.33344873076,29.07939726027397,36.30380821917809,22.507753424657533,22.61178082191781,2.7725205479452057,0.16112153409983773
Niamey,Niger,Hot semi-arid,2003,365,True,582.3699999999999,2542.940030760805,28.666520547945208,35.58654794520548,22.37821917808219,22.37131506849315,2.5194520547945207,0.2290144450735492
Niamey,Niger,Hot semi-arid,2004,366,True,420.18999999999994,2690.854876914105,29.107267759562838,36.33633879781421,22.652677595628415,21.704890710382514,2.7731967213114754,0.1561548352551355
Niamey,Niger,Hot semi-arid,2005,365,True,612.15,2574.7063714440114,29.050575342465756,35.948986301369864,22.78676712328767,21.618931506849314,2.6067945205479455,0.2377552666934516
Niamey,Niger,Hot semi-arid,2006,365,True,429.42999999999995,2678.554059753589,29.156438356164383,36.39197260273973,22.574,21.5926301369863,2.70641095890411,0.16032157291591304
Niamey,Niger,Hot semi-arid,2007,365,True,563.8900000000001,2578.791039741446,28.430383561643836,35.42550684931507,22.215452054794522,21.52421917808219,2.724958904109589,0.21866447932769947
Niamey,Niger,Hot semi-arid,2008,366,True,512.22,2637.581009019972,28.16497267759563,35.355628415300544,21.689016393442625,21.96010928961749,2.7459836065573766,0.19420067032948576
Niamey,Niger,Hot semi-arid,2009,365,True,520.1500000000001,2581.426968318965,29.249835616438354,36.129726027397254,22.99545205479452,21.60841095890411,2.6097260273972602,0.20149708141413109
Niamey,Niger,Hot semi-arid,2010,365,True,546.88,2544.9376065000833,28.91808219178082,35.84438356164384,22.80369863013698,21.247479452054794,2.6730136986301374,0.21488935469506257
Niamey,Niger,Hot semi-arid,2011,365,True,413.90000000000003,2663.6483885814982,28.902027397260277,35.99794520547945,22.514356164383567,21.68027397260274,2.7963561643835613,0.15538837699987074
Niamey,Niger,Hot semi-arid,2012,366,True,625.59,2518.9787760920967,28.430928961748638,35.00486338797814,22.48863387978142,21.503715846994538,2.6352459016393444,0.24835064349789018
Niamey,Niger,Hot semi-arid,2013,365,True,590.1700000000001,2499.1420578056427,28.83797260273973,35.61758904109589,22.652136986301368,21.804164383561645,2.573178082191781,0.23614904089053482
Niamey,Niger,Hot semi-arid,2014,365,True,506.27,2604.8513884976182,29.233397260273968,36.175452054794526,22.89287671232876,21.85123287671233,2.6174794520547944,0.1943565772065015
Niamey,Niger,Hot semi-arid,2015,365,True,635.31,2574.6936158990507,28.064383561643837,34.90520547945206,21.932082191780818,21.718164383561643,2.695013698630137,0.2467516896289649
Niamey,Niger,Hot semi-arid,2016,366,True,650.16,2498.0927496098793,28.700409836065578,35.46155737704918,22.595136612021857,21.431775956284156,2.558032786885246,0.260262554343322
Niamey,Niger,Hot semi-arid,2017,365,True,570.4,2606.047169201007,28.656082191780825,35.66695890410959,22.378684931506854,21.967369863013698,2.651972602739726,0.2188755471279056
Niamey,Niger,Hot semi-arid,2018,365,True,484.24,2574.945971643608,28.716383561643834,35.65268493150685,22.469671232876713,22.06227397260274,2.615315068493151,0.18805831475015602
Niamey,Niger,Hot semi-arid,2019,365,True,501.3500000000001,2591.642317097807,28.737753424657537,35.64808219178082,22.58569863013699,21.82690410958904,2.687369863013699,0.19344876285297954
Niamey,Niger,Hot semi-arid,2020,366,True,838.5199999999999,2530.790067364534,28.155054644808743,34.82950819672132,22.196612021857923,21.846721311475413,2.7139071038251363,0.33132736326612894
Niamey,Niger,Hot semi-arid,2021,365,True,509.71000000000004,2625.789895246009,28.895232876712328,35.96923287671233,22.61490410958904,22.47309589041096,2.6376986301369865,0.19411682592077517
Niamey,Niger,Hot semi-arid,2022,365,True,595.21,2548.2992092018785,28.242520547945208,35.03186301369863,22.188438356164383,21.456301369863013,2.728986301369863,0.23357147302432293
Niamey,Niger,Hot semi-arid,2023,365,True,487.3999999999999,2637.210941557719,29.47276712328767,36.450219178082186,23.233068493150686,21.507150684931506,2.7176164383561647,0.1848164636053375
Niamey,Niger,Hot semi-arid,2024,366,True,786.7199999999999,2551.562329766297,28.428934426229514,35.206311475409834,22.45275956284153,21.26120218579235,2.819344262295082,0.3083287407178712
Niamey,Niger,Hot semi-arid,2025,365,True,578.39,2567.6268991333363,29.415123287671236,36.412520547945206,23.02682191780822,21.64709589041096,2.5164931506849313,0.22526247882635395
Cotonou,Benin,Humid tropical/coastal,1981,365,False,1367.6399999999999,0.0,26.138684931506848,28.82180821917808,24.095260273972603,,2.3229863013698626,
Cotonou,Benin,Humid tropical/coastal,1982,365,False,1530.5100000000002,0.0,25.462657534246574,28.195178082191774,23.40578082191781,,2.3411232876712327,
Cotonou,Benin,Humid tropical/coastal,1983,365,False,936.52,0.0,25.81854794520548,29.011232876712324,23.44745205479452,,2.513095890410959,
Cotonou,Benin,Humid tropical/coastal,1984,366,True,1144.85,1471.8782806777363,26.088005464480872,29.165628415300542,23.815628415300548,17.700765027322404,2.3239071038251367,0.7778156760848771
Cotonou,Benin,Humid tropical/coastal,1985,365,True,1334.68,1445.045778096044,25.957863013698628,28.806547945205477,23.840547945205483,17.743506849315068,2.427013698630137,0.9236247184906079
Cotonou,Benin,Humid tropical/coastal,1986,365,True,1116.51,1442.4287231963206,25.86331506849315,28.896986301369868,23.600821917808222,17.501068493150683,2.4824383561643835,0.7740486459018179
Cotonou,Benin,Humid tropical/coastal,1987,365,True,1425.52,1518.0955943233753,26.89369863013699,29.918986301369863,24.693342465753425,17.83232876712329,2.482027397260274,0.9390186002320645
Cotonou,Benin,Humid tropical/coastal,1988,366,True,1641.65,1434.436955906517,26.3122131147541,29.002349726775957,24.3498087431694,17.73827868852459,2.4728688524590163,1.1444560133788044
Cotonou,Benin,Humid tropical/coastal,1989,365,True,1402.08,1366.5988792948444,25.781205479452055,28.58323287671233,23.65068493150685,17.07087671232877,2.2995342465753423,1.0259630834202524
Cotonou,Benin,Humid tropical/coastal,1990,365,True,1220.61,1409.5708657340126,26.1992602739726,28.96421917808219,24.195369863013696,17.49186301369863,2.4926575342465753,0.8659444017129183
Cotonou,Benin,Humid tropical/coastal,1991,365,True,1149.13,1388.8175503923098,26.19890410958904,28.946657534246572,24.171041095890413,17.116520547945203,2.4949589041095894,0.8274160991668031
Cotonou,Benin,Humid tropical/coastal,1992,366,True,928.2900000000001,1491.2199108163595,26.257021857923498,29.5125956284153,23.875710382513663,17.210273224043714,2.588879781420765,0.6225037590141974
Cotonou,Benin,Humid tropical/coastal,1993,365,True,1289.8000000000002,1445.7750452082207,26.303068493150683,29.266602739726032,24.15060273972603,17.2792602739726,2.499972602739726,0.8921166569272491
Cotonou,Benin,Humid tropical/coastal,1994,365,True,1179.32,1446.845749849403,26.2687397260274,29.189205479452053,24.11071232876712,17.561342465753427,2.4853424657534244,0.8150972556146715
Cotonou,Benin,Humid tropical/coastal,1995,365,True,1487.13,1374.923739985464,26.35950684931506,28.95586301369863,24.396,17.147726027397262,2.351041095890411,1.0816090789266046
Cotonou,Benin,Humid tropical/coastal,1996,366,True,1181.48,1392.6537105863845,26.253060109289613,29.010601092896177,24.247295081967213,17.141639344262295,2.4941803278688526,0.8483659584711345
Cotonou,Benin,Humid tropical/coastal,1997,365,True,1376.34,1376.1518569762866,26.271260273972604,29.099205479452053,24.216849315068487,16.789178082191782,2.402082191780822,1.0001367167604067
Cotonou,Benin,Humid tropical/coastal,1998,365,True,1000.06,1460.1236599790627,26.806630136986307,29.815315068493152,24.56731506849315,17.4512602739726,2.3564657534246574,0.6849145914218938
Cotonou,Benin,Humid tropical/coastal,1999,365,True,1282.96,1367.1494193317803,26.28882191780822,28.909287671232875,24.36117808219178,16.900849315068495,2.3724383561643836,0.938419738075938
Cotonou,Benin,Humid tropical/coastal,2000,366,True,898.21,1405.4450415750491,26.322486338797813,29.162841530054646,24.224098360655734,16.95084699453552,2.3825136612021858,0.6390929374181699
Cotonou,Benin,Humid tropical/coastal,2001,365,True,1145.0800000000002,1394.8568077002697,26.431315068493152,29.17805479452055,24.437972602739727,16.969479452054795,2.418109589041096,0.8209301439965857
Cotonou,Benin,Humid tropical/coastal,2002,365,True,1275.97,1387.7728136937344,26.449150684931514,29.193397260273972,24.397753424657534,16.982958904109587,2.374876712328767,0.919437235986662
Cotonou,Benin,Humid tropical/coastal,2003,365,True,1327.8600000000001,1373.4257469571166,26.51197260273973,29.005315068493154,24.632602739726032,17.26805479452055,2.345917808219178,0.9668232905506036
Cotonou,Benin,Humid tropical/coastal,2004,366,True,1363.23,1310.7086354583246,26.3083606557377,28.704426229508197,24.511721311475412,16.572896174863388,2.3249726775956283,1.040070968574423
Cotonou,Benin,Humid tropical/coastal,2005,365,True,1006.7099999999999,1330.1033560443266,26.313698630136987,28.767534246575348,24.43430136986301,16.75578082191781,2.408301369863014,0.7568659949809574
Cotonou,Benin,Humid tropical/coastal,2006,365,True,1094.9899999999998,1341.6584749899678,26.541917808219175,28.9327397260274,24.751643835616438,16.78564383561644,2.3677808219178083,0.8161465979694926
Cotonou,Benin,Humid tropical/coastal,2007,365,True,1636.56,1341.976760987689,26.277205479452057,28.745342465753424,24.349178082191784,16.704438356164385,2.3996164383561647,1.2195144115576928
Cotonou,Benin,Humid tropical/coastal,2008,366,True,1400.87,1298.5670980902676,26.1157650273224,28.450327868852458,24.198606557377044,16.538142076502734,2.2026775956284155,1.0787813753021955
Cotonou,Benin,Humid tropical/coastal,2009,365,True,1428.85,1291.817098732545,26.229808219178086,28.51671232876712,24.47350684931507,16.680602739726027,2.307068493150685,1.1060776339018143
Cotonou,Benin,Humid tropical/coastal,2010,365,True,1749.76,1310.5524003711266,26.621315068493153,28.83098630136986,24.947671232876708,16.648520547945207,2.2735616438356163,1.335131658607849
Cotonou,Benin,Humid tropical/coastal,2011,365,True,1391.9299999999998,1312.7652546724232,26.21339726027397,28.58479452054795,24.31654794520548,16.737616438356163,2.293205479452055,1.0603038091127197
Cotonou,Benin,Humid tropical/coastal,2012,366,True,1533.12,1297.0710112774368,26.095191256830603,28.437759562841535,24.279672131147542,16.456147540983608,2.3897814207650274,1.1819861724379201
Cotonou,Benin,Humid tropical/coastal,2013,365,True,1158.92,1334.5180953228714,26.14786301369863,28.565671232876717,24.32794520547945,17.095287671232875,2.377342465753425,0.8684183482125153
Cotonou,Benin,Humid tropical/coastal,2014,365,True,1413.04,1315.528447266595,26.376000000000005,28.83750684931507,24.576602739726024,16.52386301369863,2.313917808219178,1.0741234847000187
Cotonou,Benin,Humid tropical/coastal,2015,365,True,951.19,1362.7077015000355,26.327753424657537,29.057479452054793,24.242000000000004,16.507753424657533,2.4237808219178083,0.6980146945327698
Cotonou,Benin,Humid tropical/coastal,2016,366,True,1265.63,1407.895610377025,26.83256830601093,29.610901639344263,24.801693989071037,16.819234972677595,2.3643169398907107,0.8989515917739618
Cotonou,Benin,Humid tropical/coastal,2017,365,True,1221.52,1337.1695796531526,26.705945205479455,29.33150684931507,24.78843835616438,16.245808219178084,2.252520547945205,0.9135116581973464
Cotonou,Benin,Humid tropical/coastal,2018,365,True,1259.9,1365.3177964172987,26.639561643835613,29.25961643835616,24.672219178082194,16.826191780821915,2.266109589041096,0.9227888212591067
Cotonou,Benin,Humid tropical/coastal,2019,365,True,1709.04,1338.1879025219487,26.824273972602743,29.271479452054795,24.954164383561643,16.618,2.2135616438356167,1.2771300628104196
Cotonou,Benin,Humid tropical/coastal,2020,366,True,1507.54,1350.9806252288954,26.391366120218574,29.02450819672131,24.38284153005464,16.924398907103825,2.280792349726776,1.1158857291121986
Cotonou,Benin,Humid tropical/coastal,2021,365,True,1400.33,1353.2398036093937,26.712465753424656,29.092301369863016,24.91578082191781,16.969835616438356,2.2423835616438357,1.0347981165385516
Cotonou,Benin,Humid tropical/coastal,2022,365,True,1475.3500000000001,1331.8496282336002,26.318876712328766,28.819123287671232,24.371835616438354,16.730219178082194,2.2806301369863013,1.107745175374431
Cotonou,Benin,Humid tropical/coastal,2023,365,True,1562.1599999999999,1339.8245523320627,26.7893698630137,29.17567123287671,24.909780821917806,16.75745205479452,2.254054794520548,1.1659437030624242
Cotonou,Benin,Humid tropical/coastal,2024,366,True,1296.67,1375.0326763671646,26.951010928961747,29.45915300546448,24.977404371584697,17.03448087431694,2.284344262295082,0.9430103169808308
Cotonou,Benin,Humid tropical/coastal,2025,365,True,1355.77,1333.1175712811187,26.702301369863015,29.164246575342467,24.900904109589042,16.520438356164387,2.384794520547945,1.0169920712222797
