Site,Country,Climate,Year,SeasonRain_mm,SeasonET0_mm,SeasonMeanTemp_C,SeasonRain_ET0_ratio
Tunis,Tunisia,Mediterranean,1981,97.2,0.0,23.672391304347826,
Tunis,Tunisia,Mediterranean,1982,176.37,0.0,24.624402173913044,
Tunis,Tunisia,Mediterranean,1983,151.19,0.0,23.991249999999997,
Tunis,Tunisia,Mediterranean,1984,132.09,1049.0637506338812,23.064239130434782,0.12591227169958602
Tunis,Tunisia,Mediterranean,1985,133.84999999999997,1013.6819977523601,23.656141304347823,0.1320433827342164
Tunis,Tunisia,Mediterranean,1986,236.32999999999998,1020.9486030614686,24.06429347826087,0.23148080059204623
Tunis,Tunisia,Mediterranean,1987,97.44,1043.3947222516395,24.54907608695652,0.0933874763998471
Tunis,Tunisia,Mediterranean,1988,124.52000000000001,1052.9497076457615,24.601467391304347,0.11825825972107268
Tunis,Tunisia,Mediterranean,1989,147.83,1002.4916214664988,23.574456521739133,0.14746257907247776
Tunis,Tunisia,Mediterranean,1990,188.38,991.2842531740605,24.272499999999997,0.19003630835132632
Tunis,Tunisia,Mediterranean,1991,153.53,977.306362431913,23.15125,0.15709505831718776
Tunis,Tunisia,Mediterranean,1992,179.05,969.9656300566443,23.34282608695652,0.18459416957850744
Tunis,Tunisia,Mediterranean,1993,140.64,1094.8520028420949,24.157663043478262,0.12845571788234086
Tunis,Tunisia,Mediterranean,1994,101.35999999999999,1135.0382042608503,25.243913043478262,0.08930095887477793
Tunis,Tunisia,Mediterranean,1995,233.89999999999998,1004.7748173663418,23.769076086956524,0.23278847753478263
Tunis,Tunisia,Mediterranean,1996,167.98000000000002,968.1516054309386,22.824673913043476,0.17350588384887264
Tunis,Tunisia,Mediterranean,1997,299.43,1027.6121877482783,24.280706521739127,0.2913842435599331
Tunis,Tunisia,Mediterranean,1998,191.06,1057.8709146621877,23.784565217391307,0.18060804711793368
Tunis,Tunisia,Mediterranean,1999,115.82,1114.5826873363465,25.223858695652176,0.10391333125475788
Tunis,Tunisia,Mediterranean,2000,167.45,1098.538454480767,24.23255434782608,0.15242980281390928
Tunis,Tunisia,Mediterranean,2001,136.62,1072.7888407155265,24.39195652173913,0.12735031798883878
Tunis,Tunisia,Mediterranean,2002,225.01999999999998,1047.8885394302424,23.72125,0.21473657887540956
Tunis,Tunisia,Mediterranean,2003,243.71,1045.2107968587327,25.023206521739134,0.23316827642083673
Tunis,Tunisia,Mediterranean,2004,241.4,986.732057610604,23.427880434782605,0.24464594834848688
Tunis,Tunisia,Mediterranean,2005,150.57999999999998,1010.5383817034553,23.977826086956522,0.1490096791238831
Tunis,Tunisia,Mediterranean,2006,157.36,1056.9122373535868,24.31673913043478,0.14888653422541054
Tunis,Tunisia,Mediterranean,2007,207.26000000000002,1051.400464873951,23.85896739130435,0.1971275521785581
Tunis,Tunisia,Mediterranean,2008,196.99,1040.7973837641844,24.22934782608696,0.1892683466281968
Tunis,Tunisia,Mediterranean,2009,191.08,1028.3064773939423,23.96195652173913,0.18582008788299953
Tunis,Tunisia,Mediterranean,2010,188.16,1040.2085012132686,23.367173913043477,0.18088681238476295
Tunis,Tunisia,Mediterranean,2011,229.64999999999998,1037.0497965634927,23.65891304347826,0.22144548965825847
Tunis,Tunisia,Mediterranean,2012,194.35999999999999,1092.9647998664902,24.81945652173913,0.177828233831265
Tunis,Tunisia,Mediterranean,2013,184.60999999999999,1025.1597793211513,23.728913043478265,0.1800792459125216
Tunis,Tunisia,Mediterranean,2014,141.30999999999997,1090.4488948472033,24.17304347826087,0.12958883324816495
Tunis,Tunisia,Mediterranean,2015,229.48,1092.6969618937733,24.691467391304347,0.2100124810471551
Tunis,Tunisia,Mediterranean,2016,177.06,1054.9515580350399,24.00179347826087,0.16783709038715786
Tunis,Tunisia,Mediterranean,2017,133.41,1156.261431527892,24.859565217391303,0.1153804808863261
Tunis,Tunisia,Mediterranean,2018,412.70000000000005,964.7562655772197,23.833478260869562,0.42777643921605324
Tunis,Tunisia,Mediterranean,2019,329.2,1035.986657039947,24.282282608695656,0.31776471034926296
Tunis,Tunisia,Mediterranean,2020,185.52,1067.0707036575336,24.098315217391306,0.1738591448196491
Tunis,Tunisia,Mediterranean,2021,156.57999999999998,1138.7043059866805,25.50521739130435,0.13750716421883058
Tunis,Tunisia,Mediterranean,2022,98.44,1204.8768633227287,26.55929347826087,0.08170129495932785
Tunis,Tunisia,Mediterranean,2023,181.60000000000002,1136.1067680444871,25.798641304347825,0.15984413182625193
Tunis,Tunisia,Mediterranean,2024,279.25,1120.3753899601272,25.5566847826087,0.2492468171850313
Tunis,Tunisia,Mediterranean,2025,278.33,1072.694258235641,25.094945652173916,0.2594681549408076
Niamey,Niger,Hot semi-arid,1981,477.61999999999995,0.0,29.317065217391306,
Niamey,Niger,Hot semi-arid,1982,471.82,0.0,29.40597826086957,
Niamey,Niger,Hot semi-arid,1983,488.81,0.0,29.777934782608693,
Niamey,Niger,Hot semi-arid,1984,356.62,1308.183154501326,30.339021739130434,0.27260708775595116
Niamey,Niger,Hot semi-arid,1985,448.09999999999997,1217.7196866766567,29.25961956521739,0.36798288218771713
Niamey,Niger,Hot semi-arid,1986,481.88,1205.3825718002258,29.709673913043478,0.3997734920626216
Niamey,Niger,Hot semi-arid,1987,342.04,1326.2697196208105,31.289565217391303,0.2578962596671449
Niamey,Niger,Hot semi-arid,1988,556.25,1200.5683615343685,29.64,0.4633222212261974
Niamey,Niger,Hot semi-arid,1989,539.57,1224.7696223206517,29.70467391304348,0.4405481571118993
Niamey,Niger,Hot semi-arid,1990,421.30000000000007,1287.9796730384614,30.506521739130434,0.32710143554215804
Niamey,Niger,Hot semi-arid,1991,492.84,1155.5727214126273,29.455380434782608,0.4264898183106372
Niamey,Niger,Hot semi-arid,1992,473.72,1241.205967842554,29.99326086956522,0.38166107179085934
Niamey,Niger,Hot semi-arid,1993,413.46,1290.5608152898149,30.903423913043476,0.3203723490606301
Niamey,Niger,Hot semi-arid,1994,552.25,1193.9660153872946,29.89092391304348,0.46253410305054876
Niamey,Niger,Hot semi-arid,1995,518.44,1214.6480289041533,30.14298913043478,0.4268232341081827
Niamey,Niger,Hot semi-arid,1996,506.01,1207.979371966912,29.88603260869565,0.41888960336804515
Niamey,Niger,Hot semi-arid,1997,455.07,1212.9635664366115,30.64413043478261,0.3751720270847736
Niamey,Niger,Hot semi-arid,1998,663.33,1193.4908601348998,30.16163043478261,0.5557897610753585
Niamey,Niger,Hot semi-arid,1999,639.65,1144.5920653630926,29.862065217391304,0.5588453907349841
Niamey,Niger,Hot semi-arid,2000,420.96000000000004,1253.160771053575,30.80282608695652,0.33591859059399426
Niamey,Niger,Hot semi-arid,2001,473.32000000000005,1271.4984903079103,30.267391304347825,0.3722536861883173
Niamey,Niger,Hot semi-arid,2002,436.39,1285.1148534559197,30.82576086956522,0.3395727617858153
Niamey,Niger,Hot semi-arid,2003,575.4200000000001,1138.9422108028327,29.584945652173914,0.5052231751024403
Niamey,Niger,Hot semi-arid,2004,404.14,1243.9306760720829,30.47108695652174,0.32488948763297565
Niamey,Niger,Hot semi-arid,2005,609.26,1135.852685041139,29.706195652173914,0.5363899808696877
Niamey,Niger,Hot semi-arid,2006,427.33,1208.1084634140034,30.71255434782609,0.3537182404901003
Niamey,Niger,Hot semi-arid,2007,553.9,1155.4597637870315,29.65358695652174,0.4793762771838864
Niamey,Niger,Hot semi-arid,2008,508.92,1171.9350567820438,29.868695652173916,0.43425614504392185
Niamey,Niger,Hot semi-arid,2009,514.25,1177.5645892764965,30.28711956521739,0.43670640632626245
Niamey,Niger,Hot semi-arid,2010,540.01,1128.9185166349662,29.822934782608694,0.47834276083063954
Niamey,Niger,Hot semi-arid,2011,411.03,1220.2796008011135,30.494673913043474,0.3368326404294219
Niamey,Niger,Hot semi-arid,2012,611.97,1106.4714707797689,29.190326086956524,0.55308249345889
Niamey,Niger,Hot semi-arid,2013,534.62,1155.6659539242983,29.590978260869566,0.4626077268994464
Niamey,Niger,Hot semi-arid,2014,500.0899999999999,1192.007533744028,30.504021739130433,0.4195359390298865
Niamey,Niger,Hot semi-arid,2015,631.33,1140.1969677068842,30.11211956521739,0.5537025776078884
Niamey,Niger,Hot semi-arid,2016,608.42,1137.6103408970573,29.77559782608695,0.5348228458614689
Niamey,Niger,Hot semi-arid,2017,569.69,1147.648469589926,29.720869565217388,0.49639764709794787
Niamey,Niger,Hot semi-arid,2018,482.37,1158.5155189424277,29.97733695652174,0.41636904479306447
Niamey,Niger,Hot semi-arid,2019,499.97,1165.4662313652361,30.002119565217388,0.4289871182405099
Niamey,Niger,Hot semi-arid,2020,836.09,1100.0198313263695,29.127391304347825,0.7600681153101293
Niamey,Niger,Hot semi-arid,2021,509.58000000000004,1189.96955919141,30.27114130434782,0.4282294417230824
Niamey,Niger,Hot semi-arid,2022,593.4,1142.0235082149925,29.567173913043483,0.519604014918657
Niamey,Niger,Hot semi-arid,2023,487.11,1206.1487749917117,30.90592391304348,0.40385565205531737
Niamey,Niger,Hot semi-arid,2024,785.47,1104.7810221807176,29.72288043478261,0.7109734727788568
Niamey,Niger,Hot semi-arid,2025,578.36,1174.7057514467338,30.35326086956522,0.4923445716407777
Cotonou,Benin,Humid tropical/coastal,1981,1147.48,0.0,25.378695652173914,
Cotonou,Benin,Humid tropical/coastal,1982,905.6,0.0,24.526576086956517,
Cotonou,Benin,Humid tropical/coastal,1983,747.91,0.0,25.0370652173913,
Cotonou,Benin,Humid tropical/coastal,1984,848.3199999999999,662.7846578671947,25.223695652173912,1.2799330671440825
Cotonou,Benin,Humid tropical/coastal,1985,1050.74,646.7864452524328,24.95891304347826,1.6245547625691337
Cotonou,Benin,Humid tropical/coastal,1986,798.95,670.0745331000996,25.02445652173913,1.1923300476794099
Cotonou,Benin,Humid tropical/coastal,1987,1234.21,682.7313894904687,25.99108695652174,1.8077534137123927
Cotonou,Benin,Humid tropical/coastal,1988,1317.69,660.4479667925227,25.35201086956522,1.995145819585735
Cotonou,Benin,Humid tropical/coastal,1989,1145.29,616.6025141398436,25.173152173913046,1.8574202565451292
Cotonou,Benin,Humid tropical/coastal,1990,813.21,646.5351084266214,25.34934782608696,1.2577971240865653
Cotonou,Benin,Humid tropical/coastal,1991,845.9300000000001,648.0416505096066,25.37315217391304,1.3053636279933214
Cotonou,Benin,Humid tropical/coastal,1992,743.93,673.2392801733124,25.259239130434782,1.105000884393569
Cotonou,Benin,Humid tropical/coastal,1993,979.46,657.6617733025539,25.45407608695652,1.4893065702777353
Cotonou,Benin,Humid tropical/coastal,1994,887.13,667.9755322092476,25.375163043478263,1.3280875679172346
Cotonou,Benin,Humid tropical/coastal,1995,1045.5,633.9987711572076,25.492934782608696,1.649056824024594
Cotonou,Benin,Humid tropical/coastal,1996,890.23,647.9380071309276,25.394891304347826,1.3739431708010807
Cotonou,Benin,Humid tropical/coastal,1997,959.9599999999999,634.9393570822938,25.462228260869566,1.511892418216533
Cotonou,Benin,Humid tropical/coastal,1998,778.73,672.4615513655793,25.764021739130435,1.1580290329144016
Cotonou,Benin,Humid tropical/coastal,1999,969.53,635.9387159089023,25.43858695652174,1.5245651440081285
Cotonou,Benin,Humid tropical/coastal,2000,713.33,633.1306231966337,25.446358695652176,1.1266711384112889
Cotonou,Benin,Humid tropical/coastal,2001,791.2,636.5448508363256,25.448315217391304,1.242960333369252
Cotonou,Benin,Humid tropical/coastal,2002,1015.1299999999999,628.870386648448,25.615760869565214,1.6142118019105889
Cotonou,Benin,Humid tropical/coastal,2003,948.55,641.7376709909968,25.6533152173913,1.4780961799160262
Cotonou,Benin,Humid tropical/coastal,2004,1028.6499999999999,602.889020337017,25.470054347826085,1.7062012498170578
Cotonou,Benin,Humid tropical/coastal,2005,736.9699999999999,618.8741153825533,25.559673913043476,1.190823758308984
Cotonou,Benin,Humid tropical/coastal,2006,877.48,616.401705119657,25.739293478260873,1.4235521944730216
Cotonou,Benin,Humid tropical/coastal,2007,1382.3000000000002,605.6056828719313,25.626413043478262,2.2825083038269938
Cotonou,Benin,Humid tropical/coastal,2008,1191.97,602.3908846018296,25.73282608695652,1.9787318010096924
Cotonou,Benin,Humid tropical/coastal,2009,1048.4899999999998,601.342705581236,25.61320652173913,1.7435814723761676
Cotonou,Benin,Humid tropical/coastal,2010,1350.52,603.132425655166,25.86233695652174,2.2391765764093474
Cotonou,Benin,Humid tropical/coastal,2011,1087.51,596.1636977466446,25.659565217391307,1.8241801775427222
Cotonou,Benin,Humid tropical/coastal,2012,1070.49,611.348615855862,25.471630434782607,1.7510303814156176
Cotonou,Benin,Humid tropical/coastal,2013,722.05,623.8990150142961,25.427445652173912,1.1573187048283045
Cotonou,Benin,Humid tropical/coastal,2014,1031.31,612.7028694044684,25.735271739130436,1.6832139222759102
Cotonou,Benin,Humid tropical/coastal,2015,633.8700000000001,627.3519160084902,25.98282608695652,1.010389836749015
Cotonou,Benin,Humid tropical/coastal,2016,965.55,626.3930428002462,25.932717391304347,1.5414443233334398
Cotonou,Benin,Humid tropical/coastal,2017,932.9399999999999,597.2158363001616,25.903750000000006,1.5621487966221692
Cotonou,Benin,Humid tropical/coastal,2018,1008.55,633.3153098661188,25.962663043478265,1.592492687746969
Cotonou,Benin,Humid tropical/coastal,2019,1305.3,604.2371031110155,25.982717391304345,2.1602447007630703
Cotonou,Benin,Humid tropical/coastal,2020,1219.21,624.5291774534027,25.67467391304348,1.9522066286342044
Cotonou,Benin,Humid tropical/coastal,2021,980.27,646.7977872004318,26.161684782608695,1.5155741398605478
Cotonou,Benin,Humid tropical/coastal,2022,1104.1599999999999,615.8086010110751,25.74375,1.7930246478972807
Cotonou,Benin,Humid tropical/coastal,2023,1129.88,613.9816376028738,26.40684782608696,1.840250474609164
Cotonou,Benin,Humid tropical/coastal,2024,986.78,618.7532714543404,26.336467391304346,1.5947875276370436
Cotonou,Benin,Humid tropical/coastal,2025,875.74,617.9198419805424,25.940760869565214,1.4172388399004932
